"<h3>indignantly</h3>"	"<p>in a manner indicating anger or annoyance at something perceived as unfair</p><h4>Examples</h4><p>undefined</p><p>he indignantly rejected the claim</p><p>people reacted indignantly to the announcement</p>"
"<h3>grandeur</h3>"	"<p>splendour and impressiveness, especially of appearance or style</p><h4>Examples</h4><p>undefined</p><p>the majestic grandeur and simplicity of Roman architecture</p>"
"<h3>clairvoyant</h3>"	"<p>a person who claims to have a supernatural ability to perceive events in the future or beyond normal sensory contact</p><h4>Examples</h4><p>undefined</p><p>she has had a message from a clairvoyant that her son is alive and well</p><p>having or exhibiting clairvoyance</p><h4>Examples</h4><p>undefined</p><p>he didn't tell me about it and I'm not clairvoyant</p>"
"<h3>dashiki</h3>"	"<p>a loose brightly coloured shirt or tunic, originally from West Africa.</p><h4>Examples</h4><p>undefined</p><p>No Examples from Oxford Dictionary</p>"
"<h3>pathology</h3>"	"<p>the science of the causes and effects of diseases, especially the branch of medicine that deals with the laboratory examination of samples of body tissue for diagnostic or forensic purposes</p><h4>Examples</h4><p>undefined</p><p>research people skilled in experimental pathology</p>"
"<h3>prognosis</h3>"	"<p>the likely course of a medical condition</p><h4>Examples</h4><p>undefined</p><p>the disease has a poor prognosis</p>"
"<h3>beseech</h3>"	"<p>ask (someone) urgently and fervently to do something; implore; entreat</p><h4>Examples</h4><p>undefined</p><p>they earnestly beseeched his forgiveness</p><p>‘You have got to believe me,’ Violet beseeched him</p><p>they beseeched him to stay</p>"
"<h3>profanity</h3>"	"<p>blasphemous or obscene language</p><h4>Examples</h4><p>undefined</p><p>an outburst of profanity</p>"
"<h3>infirm</h3>"	"<p>not physically or mentally strong, especially through age or illness</p><h4>Examples</h4><p>undefined</p><p>elderly and infirm people</p><p>care for the infirm</p><p>those who were old or infirm</p>"
"<h3>vilified</h3>"	"<p>Unknown Definition</p>"
"<h3>disjointed</h3>"	"<p>lacking a coherent sequence or connection</p><h4>Examples</h4><p>undefined</p><p>piecing together disjointed fragments of information</p>"
"<h3>Desiree</h3>"	"<p>a potato of a pink-skinned variety with yellow waxy flesh.</p><h4>Examples</h4><p>undefined</p><p>No Examples from Oxford Dictionary</p>"
"<h3>gavel</h3>"	"<p>a small hammer with which an auctioneer, a judge, or the chair of a meeting hits a surface to call for attention or order.</p><h4>Examples</h4><p>undefined</p><p>No Examples from Oxford Dictionary</p><p>bring (a hearing or person) to order by use of a gavel</p><h4>Examples</h4><p>undefined</p><p>he gavelled the convention to order</p>"
"<h3>meek</h3>"	"<p>quiet, gentle, and easily imposed on; submissive</p><h4>Examples</h4><p>undefined</p><p>she brought her meek little husband along</p>"
"<h3>extort</h3>"	"<p>obtain (something) by force, threats, or other unfair means</p><h4>Examples</h4><p>undefined</p><p>he attempted to extort money from the company</p>"
"<h3>gamut</h3>"	"<p>the complete range or scope of something</p><h4>Examples</h4><p>undefined</p><p>the whole gamut of human emotion</p><p>a complete scale of musical notes; the range of a voice or instrument</p><h4>Examples</h4><p>undefined</p><p>the orchestral gamut</p>"
"<h3>splurge</h3>"	"<p>an act of spending money freely or extravagantly</p><h4>Examples</h4><p>undefined</p><p>the annual pre-Christmas splurge</p><p>spend (money) freely or extravagantly</p><h4>Examples</h4><p>undefined</p><p>I'd splurged about £2,500 on clothes</p><p>we splurged on T-bone steaks</p>"
"<h3>stoop</h3>"	"<p>bend one's head or body forwards and downwards</p><h4>Examples</h4><p>undefined</p><p>Linda stooped to pick up the bottles</p><p>the man stoops his head</p><p>he stooped down and reached towards the coin</p><p>lower one's moral standards so far as to do something reprehensible</p><h4>Examples</h4><p>undefined</p><p>she was unwilling to believe that anyone could stoop so low as to steal from a dead woman</p><p>Craig wouldn't stoop to thieving</p><p>(of a bird of prey) swoop down on a quarry</p><h4>Examples</h4><p>undefined</p><p>we witnessed an eagle stooping on its prey</p><p>a posture in which the head and shoulders are habitually bent forwards</p><h4>Examples</h4><p>undefined</p><p>a tall, thin man with a stoop</p><p>the downward swoop of a bird of prey.</p><h4>Examples</h4><p>undefined</p><p>No Examples from Oxford Dictionary</p><p>a porch with steps in front of a house or other building.</p><h4>Examples</h4><p>undefined</p><p>No Examples from Oxford Dictionary</p>"
"<h3>uninhibited</h3>"	"<p>expressing one's feelings or thoughts unselfconsciously and without restraint</p><h4>Examples</h4><p>undefined</p><p>a lively and uninhibited girl</p>"
"<h3>lib</h3>"	"<p>(in the names of political movements) liberation</p><h4>Examples</h4><p>undefined</p><p>I'm all for women's lib</p>"
"<h3>pudgy</h3>"	"<p>(of a person or part of their body) rather fat</p><h4>Examples</h4><p>undefined</p><p>his pudgy fingers</p>"
"<h3>effeminate</h3>"	"<p>(of a man) having characteristics regarded as typical of a woman; unmanly</p><h4>Examples</h4><p>undefined</p><p>he lisps and his handshake is effeminate</p>"
"<h3>brazen</h3>"	"<p>bold and without shame</p><h4>Examples</h4><p>undefined</p><p>a brazen hussy</p><p>he went about his illegal business with a brazen assurance</p><p>made of brass</p><h4>Examples</h4><p>undefined</p><p>brazen fire irons</p><p>endure an embarrassing or difficult situation by behaving with apparent confidence and lack of shame</p><h4>Examples</h4><p>undefined</p><p>there was nothing to do but brazen it out</p>"
"<h3>enthralled</h3>"	"<p>Unknown Definition</p>"
"<h3>iniquity</h3>"	"<p>immoral or grossly unfair behaviour</p><h4>Examples</h4><p>undefined</p><p>the iniquities of British taxation</p><p>a den of iniquity</p>"
"<h3>burglaries</h3>"	"<p>Unknown Definition</p>"
"<h3>lucrative</h3>"	"<p>producing a great deal of profit</p><h4>Examples</h4><p>undefined</p><p>a lucrative career as a stand-up comedian</p>"
"<h3>jostling</h3>"	"<p>Unknown Definition</p>"
"<h3>blindsiding</h3>"	"<p>Unknown Definition</p>"
"<h3>adulation</h3>"	"<p>excessive admiration or praise</p><h4>Examples</h4><p>undefined</p><p>he found it difficult to cope with the adulation of the fans</p>"
"<h3>avail</h3>"	"<p>help or benefit</p><h4>Examples</h4><p>undefined</p><p>no amount of struggle availed Charles</p><p>use or take advantage of (an opportunity or available resource).</p><h4>Examples</h4><p>undefined</p><p>you can avail discounts on food</p><p>students in the district avail of the free meal scheme in schools</p><p>use or benefit</p><h4>Examples</h4><p>undefined</p><p>calls to tech support have been of no avail</p><p>Latin was of little avail in the practical affairs of life</p><p>he begged her to reconsider, but to no avail</p>"
"<h3>Marquis</h3>"	"<p>(in some European countries) a nobleman ranking above a count and below a duke.</p><h4>Examples</h4><p>undefined</p><p>No Examples from Oxford Dictionary</p>"
"<h3>tenement</h3>"	"<p>(especially in Scotland or the US) a room or a set of rooms forming a separate residence within a house or block of flats.</p><h4>Examples</h4><p>undefined</p><p>No Examples from Oxford Dictionary</p><p>a piece of land held by an owner.</p><h4>Examples</h4><p>undefined</p><p>No Examples from Oxford Dictionary</p>"
"<h3>precinct</h3>"	"<p>the area within the walls or perceived boundaries of a particular building or place</p><h4>Examples</h4><p>undefined</p><p>a former MP who still works in the precincts of the House</p><p>an area in a town designated for specific or restricted use, especially one which is closed to traffic</p><h4>Examples</h4><p>undefined</p><p>a pedestrian precinct</p><p>a district of a city or town as defined for policing purposes.</p><h4>Examples</h4><p>undefined</p><p>No Examples from Oxford Dictionary</p>"
"<h3>ominous</h3>"	"<p>giving the worrying impression that something bad is going to happen; threateningly inauspicious</p><h4>Examples</h4><p>undefined</p><p>there were ominous dark clouds gathering overhead</p>"
"<h3>incorrigible</h3>"	"<p>(of a person or their behaviour) not able to be changed or reformed</p><h4>Examples</h4><p>undefined</p><p>she's an incorrigible flirt</p><p>an incorrigible person</p><h4>Examples</h4><p>undefined</p><p>all repeat offenders, but none of them real hard-case incorrigibles</p>"
"<h3>scholastics</h3>"	"<p>Unknown Definition</p>"
"<h3>flailing</h3>"	"<p>Unknown Definition</p>"
"<h3>affirmations</h3>"	"<p>Unknown Definition</p>"
"<h3>cataract</h3>"	"<p>a large waterfall</p><h4>Examples</h4><p>undefined</p><p>the river descends in a succession of spectacular cataracts</p><p>a medical condition in which the lens of the eye becomes progressively opaque, resulting in blurred vision</p><h4>Examples</h4><p>undefined</p><p>she had cataracts in both eyes</p>"
"<h3>destitute</h3>"	"<p>extremely poor and lacking the means to provide for oneself</p><h4>Examples</h4><p>undefined</p><p>the charity cares for destitute children</p>"
"<h3>repertoire</h3>"	"<p>a stock of plays, dances, or items that a company or a performer knows or is prepared to perform.</p><h4>Examples</h4><p>undefined</p><p>No Examples from Oxford Dictionary</p>"
"<h3>adept</h3>"	"<p>very skilled or proficient at something</p><h4>Examples</h4><p>undefined</p><p>an adept negotiator</p><p>she is adept at cutting through red tape</p><p>a person who is skilled or proficient at something</p><h4>Examples</h4><p>undefined</p><p>he is an adept at imitation</p>"
"<h3>morose</h3>"	"<p>sullen and ill-tempered</p><h4>Examples</h4><p>undefined</p><p>she was morose and silent when she got home</p>"
"<h3>expounding</h3>"	"<p>Unknown Definition</p>"
"<h3>grimaces</h3>"	"<p>Unknown Definition</p>"
"<h3>reprimand</h3>"	"<p>a formal expression of disapproval</p><h4>Examples</h4><p>undefined</p><p>the golfer received a reprimand for a breach of rules</p><p>address a reprimand to</p><h4>Examples</h4><p>undefined</p><p>officials were reprimanded for poor work</p>"
"<h3>apex</h3>"	"<p>the top or highest part of something, especially one forming a point</p><h4>Examples</h4><p>undefined</p><p>the apex of the roof</p><p>the central bank is at the apex of the financial system</p><p>the highest point of achievement; a climax</p><h4>Examples</h4><p>undefined</p><p>the apex of his career was in 1966 when he hoisted aloft the World Cup for England</p><p>the point in turning a corner when the vehicle is closest to the edge of the track.</p><h4>Examples</h4><p>undefined</p><p>No Examples from Oxford Dictionary</p><p>reach a high point or climax</p><h4>Examples</h4><p>undefined</p><p>melodic lines build up to the chorus and it apexes at the solo</p><p>turn (a corner) very close to the edge of the track</p><h4>Examples</h4><p>undefined</p><p>he understands when to apex a corner</p><p>a system of reduced fares for scheduled airline flights and railway journeys which must be booked and paid for before a certain period in advance of departure</p><h4>Examples</h4><p>undefined</p><p>Apex fares</p>"
"<h3>relinquish</h3>"	"<p>voluntarily cease to keep or claim; give up</p><h4>Examples</h4><p>undefined</p><p>he relinquished his managerial role to become chief executive</p>"
"<h3>tourney</h3>"	"<p>a tournament, especially a medieval joust.</p><h4>Examples</h4><p>undefined</p><p>No Examples from Oxford Dictionary</p><p>take part in a medieval joust</p><h4>Examples</h4><p>undefined</p><p>French knights also tourneyed in England</p>"
"<h3>imperious</h3>"	"<p>arrogant and domineering</p><h4>Examples</h4><p>undefined</p><p>his imperious demands</p>"
"<h3>retribution</h3>"	"<p>punishment inflicted on someone as vengeance for a wrong or criminal act</p><h4>Examples</h4><p>undefined</p><p>employees asked not to be named, saying they feared retribution</p><p>Minos threatened war against Athens in retribution for his son's death</p><p>divine retribution</p>"
"<h3>vanquished</h3>"	"<p>Unknown Definition</p>"
"<h3>eviscerate</h3>"	"<p>disembowel (a person or animal)</p><h4>Examples</h4><p>undefined</p><p>the goat had been skinned and neatly eviscerated</p>"
"<h3>scourge</h3>"	"<p>a whip used as an instrument of punishment.</p><h4>Examples</h4><p>undefined</p><p>No Examples from Oxford Dictionary</p><p>a person or thing that causes great trouble or suffering</p><h4>Examples</h4><p>undefined</p><p>the scourge of mass unemployment</p><p>whip (someone) as a punishment</p><h4>Examples</h4><p>undefined</p><p>our people did scourge him severely</p><p>cause great suffering to</p><h4>Examples</h4><p>undefined</p><p>political methods used to scourge and oppress workers</p>"
"<h3>malevolent</h3>"	"<p>having or showing a wish to do evil to others</p><h4>Examples</h4><p>undefined</p><p>the glint of dark, malevolent eyes</p>"
"<h3>decrepit</h3>"	"<p>worn out or ruined because of age or neglect</p><h4>Examples</h4><p>undefined</p><p>a row of decrepit houses</p>"
"<h3>catatonic</h3>"	"<p>relating to or characterized by catatonia</p><h4>Examples</h4><p>undefined</p><p>catatonic schizophrenia</p>"
"<h3>leery</h3>"	"<p>cautious or wary due to realistic suspicions</p><h4>Examples</h4><p>undefined</p><p>a city leery of gang violence</p>"
"<h3>apartheid</h3>"	"<p>(in South Africa) a policy or system of segregation or discrimination on grounds of race.</p><h4>Examples</h4><p>undefined</p><p>No Examples from Oxford Dictionary</p>"
"<h3>idyllic</h3>"	"<p>like an idyll; extremely happy, peaceful, or picturesque</p><h4>Examples</h4><p>undefined</p><p>an attractive hotel in an idyllic setting</p>"
"<h3>dubious</h3>"	"<p>hesitating or doubting</p><h4>Examples</h4><p>undefined</p><p>I was rather dubious about the whole idea</p><p>not to be relied upon; suspect</p><h4>Examples</h4><p>undefined</p><p>extremely dubious assumptions</p>"
"<h3>feuding</h3>"	"<p>Unknown Definition</p>"
"<h3>way</h3>"	"<p>a method, style, or manner of doing something; an optional or alternative form of action</p><h4>Examples</h4><p>undefined</p><p>there are two ways of approaching this problem</p><p>I hated their way of cooking potatoes</p><p>a road, track, or path for travelling along</p><h4>Examples</h4><p>undefined</p><p>No. 3, Church Way</p><p>parts into which something divides or is divided</p><h4>Examples</h4><p>undefined</p><p>the national vote split three ways</p><p>a person's occupation or line of business.</p><h4>Examples</h4><p>undefined</p><p>No Examples from Oxford Dictionary</p><p>forward motion or momentum of a ship or boat through water</p><h4>Examples</h4><p>undefined</p><p>the dinghy lost way and drifted towards the shore</p><p>a sloping structure down which a new ship is launched.</p><h4>Examples</h4><p>undefined</p><p>No Examples from Oxford Dictionary</p><p>at or to a considerable distance or extent; far (used before an adverb or preposition for emphasis)</p><h4>Examples</h4><p>undefined</p><p>his understanding of what constitutes good writing is way off target</p><p>my grandchildren are way ahead of others their age</p>"
"<h3>vindictive</h3>"	"<p>having or showing a strong or unreasoning desire for revenge</p><h4>Examples</h4><p>undefined</p><p>the criticism was both vindictive and personalized</p>"
"<h3>nadir</h3>"	"<p>the lowest or most unsuccessful point in a situation</p><h4>Examples</h4><p>undefined</p><p>asking that question was the nadir of my career</p><p>the point on the celestial sphere directly below an observer.</p><h4>Examples</h4><p>undefined</p><p>No Examples from Oxford Dictionary</p>"
"<h3>pantheon</h3>"	"<p>a group of particularly respected, famous, or important people</p><h4>Examples</h4><p>undefined</p><p>the pantheon of the all-time greats</p><p>all the gods of a people or religion collectively</p><h4>Examples</h4><p>undefined</p><p>the deities of the Hindu pantheon</p>"
"<h3>prominence</h3>"	"<p>the state of being important, famous, or noticeable</p><h4>Examples</h4><p>undefined</p><p>she came to prominence as an artist in the 1960s</p><p>the commission gave the case a prominence which it might otherwise have escaped</p><p>the fact or state of projecting from something</p><h4>Examples</h4><p>undefined</p><p>radiographs showed enlargement of the right heart with prominence of the pulmonary outflow tract</p>"
"<h3>temperament</h3>"	"<p>a person's or animal's nature, especially as it permanently affects their behaviour</p><h4>Examples</h4><p>undefined</p><p>she had an artistic temperament</p><p>the adjustment of intervals in tuning a piano or other musical instrument so as to fit the scale for use in different keys; in equal temperament, the octave consists of twelve equal semitones</p><h4>Examples</h4><p>undefined</p><p>this temperament became standard tuning for all the new organs</p>"
"<h3>sauntered</h3>"	"<p>Unknown Definition</p>"
"<h3>acclimated</h3>"	"<p>Unknown Definition</p>"
"<h3>megalomaniac</h3>"	"<p>a person who has an obsessive desire for power.</p><h4>Examples</h4><p>undefined</p><p>No Examples from Oxford Dictionary</p><p>exhibiting megalomania.</p><h4>Examples</h4><p>undefined</p><p>No Examples from Oxford Dictionary</p>"
"<h3>proponents</h3>"	"<p>Unknown Definition</p>"
"<h3>morbidly</h3>"	"<p>(with reference to a disturbing or unpleasant interest or activity) in an abnormal and unhealthy manner</p><h4>Examples</h4><p>undefined</p><p>a rich recluse morbidly obsessed with the past</p><p>a girl who morbidly wears her dead mother's clothes</p><p>in a way that relates to or is indicative of disease</p><h4>Examples</h4><p>undefined</p><p>the patients remained morbidly hypertensive</p>"
"<h3>apprehensive</h3>"	"<p>anxious or fearful that something bad or unpleasant will happen</p><h4>Examples</h4><p>undefined</p><p>he felt apprehensive about going home</p><p>relating to perception or understanding.</p><h4>Examples</h4><p>undefined</p><p>No Examples from Oxford Dictionary</p>"
"<h3>luminaries</h3>"	"<p>Unknown Definition</p>"
"<h3>Adonis</h3>"	"<p>a beautiful youth loved by both Aphrodite and Persephone. He was killed by a boar, but Zeus decreed that he should spend the winter of each year in the underworld with Persephone and the summer months with Aphrodite.</p><h4>Examples</h4><p>undefined</p><p>No Examples from Oxford Dictionary</p>"
"<h3>lackluster</h3>"	"<p>Unknown Definition</p>"
"<h3>wily</h3>"	"<p>skilled at gaining an advantage, especially deceitfully</p><h4>Examples</h4><p>undefined</p><p>his wily opponents</p>"
"<h3>cantankerous</h3>"	"<p>bad-tempered, argumentative, and uncooperative</p><h4>Examples</h4><p>undefined</p><p>he can be a cantankerous old fossil at times</p>"
"<h3>alluded</h3>"	"<p>Unknown Definition</p>"
"<h3>unparalleled</h3>"	"<p>having no parallel or equal; exceptional</p><h4>Examples</h4><p>undefined</p><p>the sudden rise in unemployment is unparalleled in the post-war period</p>"
"<h3>coed</h3>"	"<p>a female student at a co-educational institution</p><h4>Examples</h4><p>undefined</p><p>three Iowa State coeds</p><p>(of an institution or system) co-educational</p><h4>Examples</h4><p>undefined</p><p>a coed comprehensive school</p><p>they're going coed in September</p>"
"<h3>chronicling</h3>"	"<p>Unknown Definition</p>"
"<h3>prescient</h3>"	"<p>having or showing knowledge of events before they take place</p><h4>Examples</h4><p>undefined</p><p>a prescient warning</p>"
"<h3>morbid</h3>"	"<p>characterized by an abnormal and unhealthy interest in disturbing and unpleasant subjects, especially death and disease</p><h4>Examples</h4><p>undefined</p><p>his morbid fascination with the horrors of contemporary warfare</p><p>of the nature of or indicative of disease</p><h4>Examples</h4><p>undefined</p><p>the treatment of morbid obesity</p>"
"<h3>entourage</h3>"	"<p>a group of people attending or surrounding an important person</p><h4>Examples</h4><p>undefined</p><p>an entourage of loyal courtiers</p>"
"<h3>Rolodex</h3>"	"<p>a type of desktop card index.</p><h4>Examples</h4><p>undefined</p><p>No Examples from Oxford Dictionary</p>"
"<h3>coy</h3>"	"<p>(especially with reference to a woman) making a pretence of shyness or modesty which is intended to be alluring</p><h4>Examples</h4><p>undefined</p><p>she treated him to a coy smile of invitation</p><p>reluctant to give details about something regarded as sensitive</p><h4>Examples</h4><p>undefined</p><p>he is coy about his age</p><p>Company.</p><h4>Examples</h4><p>undefined</p><p>No Examples from Oxford Dictionary</p>"
"<h3>berate</h3>"	"<p>scold or criticize (someone) angrily</p><h4>Examples</h4><p>undefined</p><p>she berated herself for being fickle</p>"
"<h3>pragmatic</h3>"	"<p>dealing with things sensibly and realistically in a way that is based on practical rather than theoretical considerations</p><h4>Examples</h4><p>undefined</p><p>a pragmatic approach to politics</p>"
"<h3>suave</h3>"	"<p>(especially of a man) charming, confident, and elegant</p><h4>Examples</h4><p>undefined</p><p>all the waiters were suave and deferential</p>"
"<h3>gravitate</h3>"	"<p>move towards or be attracted to a person or thing</p><h4>Examples</h4><p>undefined</p><p>we instantly gravitated towards one another</p><p>young western Europeans will gravitate to Berlin</p><p>move, or tend to move, towards a centre of gravity or other attractive force</p><h4>Examples</h4><p>undefined</p><p>the electron does not gravitate towards the nucleus</p>"
"<h3>hokey</h3>"	"<p>mawkishly sentimental</p><h4>Examples</h4><p>undefined</p><p>a hokey tear-jerker</p>"
"<h3>ad-libbed</h3>"	"<p>Unknown Definition</p>"
"<h3>renown</h3>"	"<p>the condition of being known or talked about by many people; fame</p><h4>Examples</h4><p>undefined</p><p>authors of great renown</p>"
"<h3>nonchalantly</h3>"	"<p>in a casually calm and relaxed manner</p><h4>Examples</h4><p>undefined</p><p>she nonchalantly walked out of the police station</p><p>I shrugged nonchalantly</p>"
"<h3>erudite</h3>"	"<p>having or showing great knowledge or learning</p><h4>Examples</h4><p>undefined</p><p>she was very erudite</p><p>Ken could turn any conversation into an erudite discussion</p>"
"<h3>enunciated</h3>"	"<p>Unknown Definition</p>"
"<h3>escapades</h3>"	"<p>Unknown Definition</p>"
"<h3>pilgrimages</h3>"	"<p>Unknown Definition</p>"
"<h3>ascots</h3>"	"<p>Unknown Definition</p>"
"<h3>homage</h3>"	"<p>special honour or respect shown publicly</p><h4>Examples</h4><p>undefined</p><p>many villagers come here to pay homage to the Virgin</p><p>Daniel's films were a homage to her</p>"
"<h3>macking</h3>"	"<p>Of a wave: large, powerful. Also more generally: impressive; excellent.</p><h4>Examples</h4><p>undefined</p><p>No Examples from Oxford Dictionary</p>"
"<h3>dilapidated</h3>"	"<p>(of a building or object) in a state of disrepair or ruin as a result of age or neglect</p><h4>Examples</h4><p>undefined</p><p>old, dilapidated buildings</p><p>the tank was now rather dilapidated</p>"
"<h3>innocuous</h3>"	"<p>not harmful or offensive</p><h4>Examples</h4><p>undefined</p><p>it was an innocuous question</p>"
"<h3>opulent</h3>"	"<p>ostentatiously costly and luxurious</p><h4>Examples</h4><p>undefined</p><p>the opulent comfort of a limousine</p>"
"<h3>larceny</h3>"	"<p>theft of personal property. In English law larceny was replaced as a statutory crime by theft in 1968.</p><h4>Examples</h4><p>undefined</p><p>No Examples from Oxford Dictionary</p>"
"<h3>vying</h3>"	"<p>No Definitions from Oxford Dictionary</p><h4>Examples</h4><p>undefined</p><p>No Examples from Oxford Dictionary</p>"
"<h3>extortion</h3>"	"<p>the practice of obtaining something, especially money, through force or threats</p><h4>Examples</h4><p>undefined</p><p>he used bribery and extortion to build himself a huge, art-stuffed mansion</p><p>extortion rackets</p>"
"<h3>coven</h3>"	"<p>a group or meeting of witches.</p><h4>Examples</h4><p>undefined</p><p>No Examples from Oxford Dictionary</p>"
"<h3>revelations</h3>"	"<p>Unknown Definition</p>"
"<h3>bravado</h3>"	"<p>a bold manner or a show of boldness intended to impress or intimidate</p><h4>Examples</h4><p>undefined</p><p>he possesses none of the classic wheeler-dealer's casual bravado</p>"
"<h3>indignant</h3>"	"<p>feeling or showing anger or annoyance at what is perceived as unfair treatment</p><h4>Examples</h4><p>undefined</p><p>he was indignant at being the object of suspicion</p>"
"<h3>misdemeanor</h3>"	"<p>Unknown Definition</p>"
"<h3>besmirched</h3>"	"<p>Unknown Definition</p>"
"<h3>gurney</h3>"	"<p>a wheeled stretcher used for transporting hospital patients.</p><h4>Examples</h4><p>undefined</p><p>No Examples from Oxford Dictionary</p>"
"<h3>innocuously</h3>"	""
"<h3>prenuptial</h3>"	"<p>existing or occurring before marriage</p><h4>Examples</h4><p>undefined</p><p>prenuptial pregnancy</p>"
"<h3>irate</h3>"	"<p>feeling or characterized by great anger</p><h4>Examples</h4><p>undefined</p><p>a barrage of irate letters</p>"
"<h3>Freud</h3>"	"<p>Unknown Definition</p>"
"<h3>ambiguous</h3>"	"<p>open to more than one interpretation; not having one obvious meaning</p><h4>Examples</h4><p>undefined</p><p>ambiguous phrases</p>"
"<h3>liberation</h3>"	"<p>the action of setting someone free from imprisonment, slavery, or oppression; release</p><h4>Examples</h4><p>undefined</p><p>the liberation of all political prisoners</p>"
"<h3>egotistical</h3>"	"<p>excessively conceited or absorbed in oneself; self-centred</p><h4>Examples</h4><p>undefined</p><p>he's selfish, egotistical, and arrogant</p>"
"<h3>instilling</h3>"	"<p>Unknown Definition</p>"
"<h3>auspices</h3>"	"<p>Unknown Definition</p>"
"<h3>moguls</h3>"	"<p>Unknown Definition</p>"
"<h3>platonic</h3>"	"<p>(of love or friendship) intimate and affectionate but not sexual</p><h4>Examples</h4><p>undefined</p><p>their relationship is purely platonic</p><p>platonic love</p><p>of or associated with the Greek philosopher Plato or his ideas</p><h4>Examples</h4><p>undefined</p><p>readers of the Platonic dialogues</p><p>a kind of Platonic ideal of a New York City apartment</p><p>confined to words, theories, or ideals, and not leading to practical action</p><h4>Examples</h4><p>undefined</p><p>a Platonic gesture</p>"
"<h3>ordained</h3>"	"<p>Unknown Definition</p>"
"<h3>Crip</h3>"	"<p>a disabled person.</p><h4>Examples</h4><p>undefined</p><p>No Examples from Oxford Dictionary</p><p>a member of a Los Angeles street gang.</p><h4>Examples</h4><p>undefined</p><p>No Examples from Oxford Dictionary</p>"
"<h3>pugilistic</h3>"	"<p>No Definitions from Oxford Dictionary</p><h4>Examples</h4><p>undefined</p><p>No Examples from Oxford Dictionary</p>"
"<h3>deposition</h3>"	"<p>the action of deposing someone, especially a monarch</p><h4>Examples</h4><p>undefined</p><p>Edward V's deposition</p><p>the giving of sworn evidence</p><h4>Examples</h4><p>undefined</p><p>the deposition of four expert witnesses</p><p>the action of depositing something</p><h4>Examples</h4><p>undefined</p><p>pebbles formed by the deposition of calcium in solution</p><p>the removal of the body of Christ from the Cross.</p><h4>Examples</h4><p>undefined</p><p>No Examples from Oxford Dictionary</p>"
"<h3>litigation</h3>"	"<p>the process of taking legal action</p><h4>Examples</h4><p>undefined</p><p>the company wishes to avoid litigation</p>"
"<h3>rites</h3>"	"<p>Unknown Definition</p>"
"<h3>gourd</h3>"	"<p>a fleshy, typically large fruit with a hard skin, some varieties of which are edible.</p><h4>Examples</h4><p>undefined</p><p>No Examples from Oxford Dictionary</p><p>a climbing or trailing plant which bears gourds.</p><h4>Examples</h4><p>undefined</p><p>No Examples from Oxford Dictionary</p>"
"<h3>elated</h3>"	"<p>Unknown Definition</p>"
"<h3>adversity</h3>"	"<p>a difficult or unpleasant situation</p><h4>Examples</h4><p>undefined</p><p>she overcame many adversities</p><p>resilience in the face of adversity</p>"
"<h3>lorded</h3>"	"<p>Unknown Definition</p>"
"<h3>emasculate</h3>"	"<p>deprive (a man) of his male role or identity</p><h4>Examples</h4><p>undefined</p><p>he feels emasculated, because he cannot control his sons' behaviour</p><p>make (someone or something) weaker or less effective</p><h4>Examples</h4><p>undefined</p><p>the refusal to allow them to testify effectively emasculated the committee</p>"
"<h3>deplorable</h3>"	"<p>deserving strong condemnation; completely unacceptable</p><h4>Examples</h4><p>undefined</p><p>children living in deplorable conditions</p>"
"<h3>didactic</h3>"	"<p>intended to teach, particularly in having moral instruction as an ulterior motive</p><h4>Examples</h4><p>undefined</p><p>a didactic novel that set out to expose social injustice</p>"
"<h3>bourgeois</h3>"	"<p>belonging to or characteristic of the middle class, typically with reference to its perceived materialistic values or conventional attitudes</p><h4>Examples</h4><p>undefined</p><p>these views will shock the bourgeois critics</p><p>a rich, bored, bourgeois family</p><p>a bourgeois person</p><h4>Examples</h4><p>undefined</p><p>a self-confessed and proud bourgeois</p>"
"<h3>regal</h3>"	"<p>of, resembling, or fit for a monarch, especially in being magnificent or dignified</p><h4>Examples</h4><p>undefined</p><p>her regal bearing</p><p>a small portable reed organ of the 16th and 17th centuries, with a pair of horizontal bellows on top.</p><h4>Examples</h4><p>undefined</p><p>No Examples from Oxford Dictionary</p>"
"<h3>derelict</h3>"	"<p>in a very poor condition as a result of disuse and neglect</p><h4>Examples</h4><p>undefined</p><p>a derelict Georgian mansion</p><p>the barge lay derelict for years</p><p>shamefully negligent of one's duties or obligations</p><h4>Examples</h4><p>undefined</p><p>he was derelict in his duty to his country</p><p>a person without a home, job, or property</p><h4>Examples</h4><p>undefined</p><p>derelicts who could fit all their possessions in a paper bag</p><p>a ship or other piece of property abandoned by the owner and in poor condition</p><h4>Examples</h4><p>undefined</p><p>she had been a derelict recommissioned for this journey</p>"
"<h3>equilibrium</h3>"	"<p>a state in which opposing forces or influences are balanced</p><h4>Examples</h4><p>undefined</p><p>the task is the maintenance of social equilibrium</p>"
"<h3>bridled</h3>"	"<p>Unknown Definition</p>"
"<h3>turmoil</h3>"	"<p>a state of great disturbance, confusion, or uncertainty</p><h4>Examples</h4><p>undefined</p><p>he endured years of inner turmoil</p><p>the country was in turmoil</p>"
"<h3>abhorred</h3>"	"<p>Unknown Definition</p>"
"<h3>recanted</h3>"	"<p>Unknown Definition</p>"
"<h3>bestows</h3>"	"<p>Unknown Definition</p>"
"<h3>brash</h3>"	"<p>self-assertive in a rude, noisy, or overbearing way</p><h4>Examples</h4><p>undefined</p><p>he was brash, cocky, and arrogant</p><p>loose broken rock or ice</p><h4>Examples</h4><p>undefined</p><p>brash ice</p><p>clippings from hedges, shrubs, or other plants</p><h4>Examples</h4><p>undefined</p><p>cutting up the timber and burning the brash</p>"
"<h3>redeems</h3>"	"<p>Unknown Definition</p>"
"<h3>foreordained</h3>"	"<p>Unknown Definition</p>"
"<h3>faze</h3>"	"<p>disturb or disconcert (someone)</p><h4>Examples</h4><p>undefined</p><p>she was not fazed by his show of anger</p>"
"<h3>Olympiad</h3>"	"<p>an occasion when the ancient or modern Olympic Games were or are held.</p><h4>Examples</h4><p>undefined</p><p>No Examples from Oxford Dictionary</p>"
"<h3>placate</h3>"	"<p>make (someone) less angry or hostile</p><h4>Examples</h4><p>undefined</p><p>they attempted to placate the students with promises</p>"
"<h3>interjected</h3>"	"<p>Unknown Definition</p>"
"<h3>palooka</h3>"	"<p>a stupid, clumsy, or uncouth person</p><h4>Examples</h4><p>undefined</p><p>these bearded, stumbling palookas in their peasants' breeches</p>"
"<h3>fracas</h3>"	"<p>a noisy disturbance or quarrel</p><h4>Examples</h4><p>undefined</p><p>the fracas was broken up by stewards</p>"
"<h3>impunity</h3>"	"<p>exemption from punishment or freedom from the injurious consequences of an action</p><h4>Examples</h4><p>undefined</p><p>the impunity enjoyed by military officers implicated in civilian killings</p><p>protestors burned flags on the streets with impunity</p>"
"<h3>fascism</h3>"	"<p>an authoritarian and nationalistic right-wing system of government and social organization.</p><h4>Examples</h4><p>undefined</p><p>No Examples from Oxford Dictionary</p>"
"<h3>regimen</h3>"	"<p>a prescribed course of medical treatment, diet, or exercise for the promotion or restoration of health</p><h4>Examples</h4><p>undefined</p><p>a regimen of one or two injections per day</p><p>a system of government.</p><h4>Examples</h4><p>undefined</p><p>No Examples from Oxford Dictionary</p>"
"<h3>surly</h3>"	"<p>bad-tempered and unfriendly</p><h4>Examples</h4><p>undefined</p><p>the porter left with a surly expression</p>"
"<h3>psyche</h3>"	"<p>the human soul, mind, or spirit</p><h4>Examples</h4><p>undefined</p><p>how does constant losing affect the psyches of young athletes?</p><p>their childhood made them want to understand the human psyche and to help others</p><p>No Definitions from Oxford Dictionary</p><h4>Examples</h4><p>undefined</p><p>No Examples from Oxford Dictionary</p><p>No Definitions from Oxford Dictionary</p><h4>Examples</h4><p>undefined</p><p>No Examples from Oxford Dictionary</p><p>No Definitions from Oxford Dictionary</p><h4>Examples</h4><p>undefined</p><p>No Examples from Oxford Dictionary</p><p>a Hellenistic personification of the soul as female, or sometimes as a butterfly. The allegory of Psyche's love for Cupid is told in The Golden Ass by Apuleius.</p><h4>Examples</h4><p>undefined</p><p>No Examples from Oxford Dictionary</p>"
"<h3>impromptu</h3>"	"<p>done without being planned or rehearsed</p><h4>Examples</h4><p>undefined</p><p>he spoke impromptu</p><p>an impromptu press conference</p><p>done without being planned or rehearsed</p><h4>Examples</h4><p>undefined</p><p>he spoke impromptu</p><p>an impromptu press conference</p><p>a short piece of instrumental music, especially a solo, that is reminiscent of an improvisation.</p><h4>Examples</h4><p>undefined</p><p>No Examples from Oxford Dictionary</p>"
"<h3>acquittal</h3>"	"<p>a judgement or verdict that a person is not guilty of the crime with which they have been charged</p><h4>Examples</h4><p>undefined</p><p>the trial resulted in an acquittal</p><p>the women felt their chances of acquittal were poor</p>"
"<h3>parlor</h3>"	"<p>Unknown Definition</p>"
"<h3>indict</h3>"	"<p>formally accuse of or charge with a crime</p><h4>Examples</h4><p>undefined</p><p>his former manager was indicted for fraud</p>"
"<h3>deliberations</h3>"	"<p>Unknown Definition</p>"
"<h3>finessing</h3>"	"<p>Unknown Definition</p>"
"<h3>stoical</h3>"	"<p>enduring pain and hardship without showing one's feelings or complaining</p><h4>Examples</h4><p>undefined</p><p>he taught a stoical acceptance of suffering</p>"
"<h3>prissy</h3>"	"<p>fussily and excessively respectable</p><h4>Examples</h4><p>undefined</p><p>a middle-class family with two prissy children</p>"
"<h3>boorish</h3>"	"<p>rough and bad-mannered; coarse</p><h4>Examples</h4><p>undefined</p><p>boorish behaviour</p>"
"<h3>vulgar</h3>"	"<p>lacking sophistication or good taste</p><h4>Examples</h4><p>undefined</p><p>a vulgar check suit</p><p>making explicit and offensive reference to sex or bodily functions; coarse and rude</p><h4>Examples</h4><p>undefined</p><p>a vulgar joke</p><p>characteristic of or belonging to ordinary people.</p><h4>Examples</h4><p>undefined</p><p>No Examples from Oxford Dictionary</p>"
"<h3>unredeemable</h3>"	"<p>not able to be redeemed</p><h4>Examples</h4><p>undefined</p><p>an unredeemable defect</p>"
"<h3>raze</h3>"	"<p>completely destroy (a building, town, or other settlement)</p><h4>Examples</h4><p>undefined</p><p>villages were razed to the ground</p>"
"<h3>innuendos</h3>"	"<p>Unknown Definition</p>"
"<h3>feint</h3>"	"<p>a deceptive or pretended blow, thrust, or other movement, especially in boxing or fencing</p><h4>Examples</h4><p>undefined</p><p>a brief feint at the opponent's face</p><p>make a deceptive or distracting movement, especially during a fight</p><h4>Examples</h4><p>undefined</p><p>‘You would, would you?’ said Bob, feinting punches back at them</p><p>Adam feinted with his right and then swung a left</p><p>denoting paper printed with faint lines as a guide for handwriting.</p><h4>Examples</h4><p>undefined</p><p>No Examples from Oxford Dictionary</p>"
"<h3>prudish</h3>"	"<p>having or revealing a tendency to be easily shocked by matters relating to sex or nudity; excessively concerned with sexual propriety</p><h4>Examples</h4><p>undefined</p><p>the prudish moral climate of the late 19th century</p>"
"<h3>schmoozed</h3>"	"<p>Unknown Definition</p>"
"<h3>dismay</h3>"	"<p>concern and distress caused by something unexpected</p><h4>Examples</h4><p>undefined</p><p>to his dismay, she left him</p><p>cause (someone) to feel concern and distress</p><h4>Examples</h4><p>undefined</p><p>they were dismayed by the U-turn in policy</p>"
"<h3>prim</h3>"	"<p>feeling or showing disapproval of anything regarded as improper; stiffly correct</p><h4>Examples</h4><p>undefined</p><p>a very prim and proper lady</p><p>purse (the mouth or lips) into a prim expression</p><h4>Examples</h4><p>undefined</p><p>Laurie primmed up his mouth</p>"
"<h3>shrewd</h3>"	"<p>having or showing sharp powers of judgement; astute</p><h4>Examples</h4><p>undefined</p><p>a shrewd career move</p><p>she was shrewd enough to guess the motive behind his gesture</p><p>(especially of weather) piercingly cold</p><h4>Examples</h4><p>undefined</p><p>a shrewd east wind</p>"
"<h3>mediated</h3>"	"<p>Unknown Definition</p>"
"<h3>tormented</h3>"	"<p>experiencing or characterized by severe physical or mental suffering</p><h4>Examples</h4><p>undefined</p><p>her tormented past</p><p>he is a tormented genius</p>"
"<h3>belligerent</h3>"	"<p>hostile and aggressive</p><h4>Examples</h4><p>undefined</p><p>the mood at the meeting was belligerent</p><p>a nation or person engaged in war or conflict, as recognized by international law</p><h4>Examples</h4><p>undefined</p><p>ships and goods captured at sea by a belligerent</p>"
"<h3>infractions</h3>"	"<p>Unknown Definition</p>"
"<h3>wino</h3>"	"<p>a person who drinks excessive amounts of cheap wine or other alcohol, especially one who is homeless.</p><h4>Examples</h4><p>undefined</p><p>No Examples from Oxford Dictionary</p>"
"<h3>venereal</h3>"	"<p>relating to sexual desire or sexual intercourse</p><h4>Examples</h4><p>undefined</p><p>the venereal act</p>"
"<h3>perpetrate</h3>"	"<p>carry out or commit (a harmful, illegal, or immoral action)</p><h4>Examples</h4><p>undefined</p><p>a crime has been perpetrated against a sovereign state</p>"
"<h3>affidavit</h3>"	"<p>a written statement confirmed by oath or affirmation, for use as evidence in court</p><h4>Examples</h4><p>undefined</p><p>a former employee swore an affidavit relating to his claim for unfair dismissal</p>"
"<h3>requisite</h3>"	"<p>made necessary by particular circumstances or regulations</p><h4>Examples</h4><p>undefined</p><p>the application will not be processed until the requisite fee is paid</p><p>a thing that is necessary for the achievement of a specified end</p><h4>Examples</h4><p>undefined</p><p>she believed privacy to be a requisite for a peaceful life</p>"
"<h3>subliminally</h3>"	""
"<h3>commissary</h3>"	"<p>a deputy or delegate.</p><h4>Examples</h4><p>undefined</p><p>No Examples from Oxford Dictionary</p><p>a restaurant or food store in a military base, prison, or other institution.</p><h4>Examples</h4><p>undefined</p><p>No Examples from Oxford Dictionary</p>"
"<h3>tumultuous</h3>"	"<p>making an uproar or loud, confused noise</p><h4>Examples</h4><p>undefined</p><p>tumultuous applause</p>"
"<h3>virile</h3>"	"<p>(of a man) having strength, energy, and a strong sex drive</p><h4>Examples</h4><p>undefined</p><p>he was a powerful, virile man</p>"
"<h3>GED</h3>"	"<p>General Educational Development, referring to a system of standardized examinations which entitle those who pass them to receive a credential considered as equivalent to completion of high school.</p><h4>Examples</h4><p>undefined</p><p>No Examples from Oxford Dictionary</p><p>general equivalency degree (or diploma).</p><h4>Examples</h4><p>undefined</p><p>No Examples from Oxford Dictionary</p>"
"<h3>mulatto</h3>"	"<p>a person of mixed white and black ancestry, especially a person with one white and one black parent.</p><h4>Examples</h4><p>undefined</p><p>No Examples from Oxford Dictionary</p>"
"<h3>prolific</h3>"	"<p>(of a plant, animal, or person) producing much fruit or foliage or many offspring</p><h4>Examples</h4><p>undefined</p><p>in captivity tigers are prolific breeders</p><p>present in large numbers or quantities; plentiful</p><h4>Examples</h4><p>undefined</p><p>mahogany was once prolific in the tropical forests</p>"
"<h3>bedlam</h3>"	"<p>a scene of uproar and confusion</p><h4>Examples</h4><p>undefined</p><p>there was bedlam in the courtroom</p><p>an institution for the care of mentally ill people.</p><h4>Examples</h4><p>undefined</p><p>No Examples from Oxford Dictionary</p>"
"<h3>nonism</h3>"	"<p>Unknown Definition</p>"
"<h3>docile</h3>"	"<p>ready to accept control or instruction; submissive</p><h4>Examples</h4><p>undefined</p><p>a cheap and docile workforce</p><p>she's a black Labrador, gentle and docile</p>"
"<h3>exertions</h3>"	"<p>Unknown Definition</p>"
"<h3>subsidize</h3>"	"<p>support (an organization or activity) financially</p><h4>Examples</h4><p>undefined</p><p>the mining industry continues to be subsidized</p>"
"<h3>chastity</h3>"	"<p>the state or practice of refraining from extramarital, or especially from all, sexual intercourse</p><h4>Examples</h4><p>undefined</p><p>vows of chastity</p>"
"<h3>Tomming</h3>"	"<p>Unknown Definition</p>"
"<h3>consummated</h3>"	"<p>Unknown Definition</p>"
"<h3>prudent</h3>"	"<p>acting with or showing care and thought for the future</p><h4>Examples</h4><p>undefined</p><p>no prudent money manager would authorize a loan without first knowing its purpose</p>"
"<h3>permeating</h3>"	"<p>Unknown Definition</p>"
"<h3>garish</h3>"	"<p>obtrusively bright and showy; lurid</p><h4>Examples</h4><p>undefined</p><p>garish shirts in all sorts of colours</p>"
"<h3>luxe</h3>"	"<p>expensive and of high quality; luxurious</p><h4>Examples</h4><p>undefined</p><p>the luxe 65-room Four Seasons hotel</p><p>luxury</p><h4>Examples</h4><p>undefined</p><p>inside, the design reverts to turn-of-the-century luxe</p>"
"<h3>tranquility</h3>"	"<p>Unknown Definition</p>"
"<h3>finicky</h3>"	"<p>(of a person) fussy about their needs or requirements</p><h4>Examples</h4><p>undefined</p><p>a finicky eater</p>"
"<h3>ornery</h3>"	"<p>bad-tempered or difficult to deal with</p><h4>Examples</h4><p>undefined</p><p>an ornery old military man</p>"
"<h3>dispelled</h3>"	"<p>Unknown Definition</p>"
"<h3>moot</h3>"	"<p>subject to debate, dispute, or uncertainty</p><h4>Examples</h4><p>undefined</p><p>whether the temperature rise was mainly due to the greenhouse effect was a moot point</p><p>it is a moot point whether such a controversial scheme would have succeeded</p><p>having little or no practical relevance, typically because the subject is too uncertain to allow a decision</p><h4>Examples</h4><p>undefined</p><p>the whole matter is becoming increasingly moot</p><p>raise (a question or topic) for discussion; suggest (an idea or possibility)</p><h4>Examples</h4><p>undefined</p><p>the scheme was first mooted last October</p><p>an assembly held for debate, especially in Anglo-Saxon and medieval times.</p><h4>Examples</h4><p>undefined</p><p>No Examples from Oxford Dictionary</p><p>a mock judicial proceeding set up to examine a hypothetical case as an academic exercise</p><h4>Examples</h4><p>undefined</p><p>the object of a moot is to provide practice in developing an argument</p>"
"<h3>fumigate</h3>"	"<p>disinfect or purify (an area) with the fumes of certain chemicals</p><h4>Examples</h4><p>undefined</p><p>we got sulphur candles to fumigate the house</p>"
"<h3>anguish</h3>"	"<p>severe mental or physical pain or suffering</p><h4>Examples</h4><p>undefined</p><p>she shut her eyes in anguish</p><p>Philip gave a cry of anguish</p><p>be extremely distressed about something</p><h4>Examples</h4><p>undefined</p><p>I spent the next two weeks anguishing about whether I'd made the right decision</p>"
"<h3>rabid</h3>"	"<p>having or proceeding from an extreme or fanatical support of or belief in something</p><h4>Examples</h4><p>undefined</p><p>a rabid ideologue</p><p>the show's small but rabid fan base</p><p>she's expecting more rabid support from the home fans</p><p>(of an animal) affected with rabies</p><h4>Examples</h4><p>undefined</p><p>her mother was bitten by a rabid dog</p>"
"<h3>humility</h3>"	"<p>the quality of having a modest or low view of one's importance</p><h4>Examples</h4><p>undefined</p><p>he needs the humility to accept that their way may be better</p>"
"<h3>conniving</h3>"	"<p>given to or involved in conspiring to do something immoral, illegal, or harmful</p><h4>Examples</h4><p>undefined</p><p>a heartless and conniving woman</p>"
"<h3>altercations</h3>"	"<p>Unknown Definition</p>"
"<h3>accosted</h3>"	"<p>Unknown Definition</p>"
"<h3>substantiated</h3>"	"<p>Unknown Definition</p>"
"<h3>remanded</h3>"	"<p>Unknown Definition</p>"
"<h3>grandiosity</h3>"	"<p>the quality of being impressive and imposing in appearance or style, especially preteniously so</p><h4>Examples</h4><p>undefined</p><p>it had a grandiosity of scale and opulence that set it apart from neighbouring cities</p>"
"<h3>egomaniacal</h3>"	""
"<h3>cad</h3>"	"<p>a man who behaves dishonourably, especially towards a woman</p><h4>Examples</h4><p>undefined</p><p>her adulterous cad of a husband</p><p>computer-aided design.</p><h4>Examples</h4><p>undefined</p><p>No Examples from Oxford Dictionary</p><p>Canadian dollar.</p><h4>Examples</h4><p>undefined</p><p>No Examples from Oxford Dictionary</p>"
"<h3>altercation</h3>"	"<p>a noisy argument or disagreement, especially in public</p><h4>Examples</h4><p>undefined</p><p>I had an altercation with the ticket collector</p>"
"<h3>zenith</h3>"	"<p>the time at which something is most powerful or successful</p><h4>Examples</h4><p>undefined</p><p>in 1977, punk was at its zenith</p><p>the point in the sky or celestial sphere directly above an observer.</p><h4>Examples</h4><p>undefined</p><p>No Examples from Oxford Dictionary</p>"
"<h3>tentative</h3>"	"<p>not certain or fixed; provisional</p><h4>Examples</h4><p>undefined</p><p>a tentative conclusion</p>"
"<h3>overt</h3>"	"<p>done or shown openly; plainly apparent</p><h4>Examples</h4><p>undefined</p><p>in untreated cases, overt psychosis may occur</p><p>an overt act of aggression</p>"
"<h3>exasperated</h3>"	"<p>intensely irritated and frustrated</p><h4>Examples</h4><p>undefined</p><p>an exasperated expression</p><p>as the students exit, an exasperated teacher tries in vain to get their attention</p>"
"<h3>posterity</h3>"	"<p>all future generations of people</p><h4>Examples</h4><p>undefined</p><p>the victims' names are recorded for posterity</p>"
"<h3>implicated</h3>"	"<p>Unknown Definition</p>"
"<h3>exhortations</h3>"	"<p>Unknown Definition</p>"
"<h3>indignation</h3>"	"<p>anger or annoyance provoked by what is perceived as unfair treatment</p><h4>Examples</h4><p>undefined</p><p>the letter filled Lucy with indignation</p>"
"<h3>unprecedented</h3>"	"<p>never done or known before</p><h4>Examples</h4><p>undefined</p><p>the government took the unprecedented step of releasing confidential correspondence</p>"
"<h3>punitive</h3>"	"<p>inflicting or intended as punishment</p><h4>Examples</h4><p>undefined</p><p>he called for punitive measures against the Eastern bloc</p>"
"<h3>likeness</h3>"	"<p>the fact or quality of being alike; resemblance</p><h4>Examples</h4><p>undefined</p><p>her likeness to him was astonishing</p><p>a family likeness can be seen in all the boys</p>"
"<h3>conciliatory</h3>"	"<p>intended or likely to placate or pacify</p><h4>Examples</h4><p>undefined</p><p>a conciliatory approach</p>"
"<h3>extricate</h3>"	"<p>free (someone or something) from a constraint or difficulty</p><h4>Examples</h4><p>undefined</p><p>he was trying to extricate himself from official duties</p>"
"<h3>kowtow</h3>"	"<p>act in an excessively subservient manner</p><h4>Examples</h4><p>undefined</p><p>she didn't have to kowtow to a boss</p><p>kneel and touch the ground with the forehead in worship or submission as part of Chinese custom.</p><h4>Examples</h4><p>undefined</p><p>No Examples from Oxford Dictionary</p><p>an act of kowtowing as part of Chinese custom.</p><h4>Examples</h4><p>undefined</p><p>No Examples from Oxford Dictionary</p>"
"<h3>postal</h3>"	"<p>relating to the post</p><h4>Examples</h4><p>undefined</p><p>postal services</p><p>a postcard.</p><h4>Examples</h4><p>undefined</p><p>No Examples from Oxford Dictionary</p>"
"<h3>depositions</h3>"	"<p>Unknown Definition</p>"
"<h3>goad</h3>"	"<p>provoke or annoy (someone) so as to stimulate an action or reaction</p><h4>Examples</h4><p>undefined</p><p>he was trying to goad her into a fight</p><p>drive (an animal) with a spiked stick</p><h4>Examples</h4><p>undefined</p><p>the cowboys goaded their cattle across the meadows</p><p>a spiked stick used for driving cattle.</p><h4>Examples</h4><p>undefined</p><p>No Examples from Oxford Dictionary</p>"
"<h3>shrews</h3>"	"<p>Unknown Definition</p>"
"<h3>spurned</h3>"	"<p>Unknown Definition</p>"
"<h3>kibosh</h3>"	"<p>put an end to; dispose of decisively</p><h4>Examples</h4><p>undefined</p><p>he put the kibosh on the deal</p><p>decisively end or reject (something)</p><h4>Examples</h4><p>undefined</p><p>the presence of a submarine would kibosh the operation</p><p>fortunately, the proposal was kiboshed</p>"
"<h3>amok</h3>"	"<p>behave uncontrollably and disruptively</p><h4>Examples</h4><p>undefined</p><p>stone-throwing anarchists were running amok</p>"
"<h3>contentious</h3>"	"<p>causing or likely to cause an argument; controversial</p><h4>Examples</h4><p>undefined</p><p>a contentious issue</p>"
"<h3>wary</h3>"	"<p>feeling or showing caution about possible dangers or problems</p><h4>Examples</h4><p>undefined</p><p>a wary look</p><p>dogs which have been mistreated often remain very wary of strangers</p>"
"<h3>careened</h3>"	"<p>Unknown Definition</p>"
"<h3>reviled</h3>"	"<p>Unknown Definition</p>"
"<h3>affinity</h3>"	"<p>a natural liking for and understanding of someone or something</p><h4>Examples</h4><p>undefined</p><p>he had a special affinity with horses</p><p>the degree to which a substance tends to combine with another</p><h4>Examples</h4><p>undefined</p><p>the bacterial proteins bind to these molecules with high affinity</p>"
"<h3>jurisdiction</h3>"	"<p>the official power to make legal decisions and judgements</p><h4>Examples</h4><p>undefined</p><p>the English court had no jurisdiction over the defendants</p>"
"<h3>fastidious</h3>"	"<p>very attentive to and concerned about accuracy and detail</p><h4>Examples</h4><p>undefined</p><p>she dressed with fastidious care</p>"
"<h3>megalomaniacal</h3>"	""
"<h3>deadpan</h3>"	"<p>impassive or expressionless</p><h4>Examples</h4><p>undefined</p><p>she delivered her monologue in a deadpan voice</p><p>in a deadpan manner</p><h4>Examples</h4><p>undefined</p><p>‘That's all right then,’ Claire said, deadpan</p><p>say something amusing while affecting a serious manner</p><h4>Examples</h4><p>undefined</p><p>‘I'm an undercover dentist,’ he dead-panned</p>"
"<h3>detractors</h3>"	"<p>Unknown Definition</p>"
"<h3>teetered</h3>"	"<p>Unknown Definition</p>"
"<h3>curtailed</h3>"	"<p>Unknown Definition</p>"
"<h3>arbitration</h3>"	"<p>the use of an arbitrator to settle a dispute</p><h4>Examples</h4><p>undefined</p><p>Tayside Regional Council called for arbitration to settle the dispute</p><p>binding arbitration</p>"
"<h3>unjustly</h3>"	"<p>in a manner that is not in accordance with what is morally right and fair</p><h4>Examples</h4><p>undefined</p><p>they feel as if they have been treated unjustly</p><p>he was unjustly accused of being a spy</p>"
"<h3>leper</h3>"	"<p>a person suffering from leprosy.</p><h4>Examples</h4><p>undefined</p><p>No Examples from Oxford Dictionary</p>"
"<h3>affidavits</h3>"	"<p>Unknown Definition</p>"
"<h3>penal</h3>"	"<p>relating to, used for, or prescribing the punishment of offenders under the legal system</p><h4>Examples</h4><p>undefined</p><p>penal institutions</p><p>the campaign for penal reform</p>"
"<h3>negate</h3>"	"<p>make ineffective; nullify</p><h4>Examples</h4><p>undefined</p><p>alcohol negates the effects of the drug</p><p>make (a clause, sentence, or proposition) negative in meaning.</p><h4>Examples</h4><p>undefined</p><p>No Examples from Oxford Dictionary</p><p>deny the existence of</p><h4>Examples</h4><p>undefined</p><p>negating the political nature of education</p>"
"<h3>unwavering</h3>"	"<p>not wavering; steady or resolute</p><h4>Examples</h4><p>undefined</p><p>she fixed him with an unwavering stare</p>"
"<h3>impede</h3>"	"<p>delay or prevent (someone or something) by obstructing them; hinder</p><h4>Examples</h4><p>undefined</p><p>the sap causes swelling which can impede breathing</p>"
"<h3>indictment</h3>"	"<p>a formal charge or accusation of a serious crime</p><h4>Examples</h4><p>undefined</p><p>an indictment for conspiracy</p><p>a thing that serves to illustrate that a system or situation is bad and deserves to be condemned</p><h4>Examples</h4><p>undefined</p><p>these rapidly escalating crime figures are an indictment of our society</p>"
"<h3>hysterical</h3>"	"<p>affected by or deriving from wildly uncontrolled emotion</p><h4>Examples</h4><p>undefined</p><p>the band were mobbed by hysterical fans</p><p>Janet became hysterical and began screaming</p><p>relating to or suffering from hysteria.</p><h4>Examples</h4><p>undefined</p><p>No Examples from Oxford Dictionary</p>"
"<h3>contemplated</h3>"	"<p>Unknown Definition</p>"
"<h3>attorney</h3>"	"<p>a person, typically a lawyer, appointed to act for another in business or legal matters.</p><h4>Examples</h4><p>undefined</p><p>No Examples from Oxford Dictionary</p>"
"<h3>ostensibly</h3>"	"<p>as appears or is stated to be true, though not necessarily so; apparently</p><h4>Examples</h4><p>undefined</p><p>the party secretary resigned, ostensibly from ill health</p>"
"<h3>notoriety</h3>"	"<p>the state of being famous or well known for some bad quality or deed</p><h4>Examples</h4><p>undefined</p><p>she has a certain notoriety</p><p>the song has gained some notoriety in the press</p>"
"<h3>finesse</h3>"	"<p>impressive delicacy and skill</p><h4>Examples</h4><p>undefined</p><p>orchestral playing of great finesse</p><p>(in bridge and whist) an attempt to win a trick with a card that is not a certain winner, typically by playing it as the third card in a trick in the hope that any card that could beat it is in the hand of the opponent who has already played.</p><h4>Examples</h4><p>undefined</p><p>No Examples from Oxford Dictionary</p><p>bring about or deal with (something) by using great delicacy and skill</p><h4>Examples</h4><p>undefined</p><p>Karen spent ten months finessing the financing for the property</p><p>(in bridge and whist) play (a card) in the hope of winning a trick with it because any card that could beat it is in the hand of the opponent who has already played.</p><h4>Examples</h4><p>undefined</p><p>No Examples from Oxford Dictionary</p>"
"<h3>shtick</h3>"	"<p>a gimmick, comic routine, style of performance, etc. associated with a particular person</p><h4>Examples</h4><p>undefined</p><p>there are many great comics who have based their stand-up shtick on observational comedy</p><p>her shtick was to haul out her pet ferret</p>"
"<h3>To</h3>"	"<p>expressing motion in the direction of (a particular location)</p><h4>Examples</h4><p>undefined</p><p>we're going to a party</p><p>walking down to the shops</p><p>my first visit to Africa</p><p>approaching or reaching (a particular condition)</p><h4>Examples</h4><p>undefined</p><p>Christopher's expression changed from amazement to joy</p><p>she was close to tears</p><p>identifying the person or thing affected by or receiving something</p><h4>Examples</h4><p>undefined</p><p>you were terribly unkind to her</p><p>they donated £400 to the hospice</p><p>I am deeply grateful to my parents</p><p>identifying a particular relationship between one person and another</p><h4>Examples</h4><p>undefined</p><p>he's economic adviser to the president</p><p>he is married to his cousin Emma</p><p>indicating that two things are attached or linked</p><h4>Examples</h4><p>undefined</p><p>they are inextricably linked to this island</p><p>he had left his dog tied to a drainpipe</p><p>concerning or likely to concern (something)</p><h4>Examples</h4><p>undefined</p><p>a threat to world peace</p><p>a reference to Psalm 22:18</p><p>used to introduce the second element in a comparison</p><h4>Examples</h4><p>undefined</p><p>the club's nothing to what it once was</p><p>placed before a debit entry in accounting.</p><h4>Examples</h4><p>undefined</p><p>No Examples from Oxford Dictionary</p><p>used with the base form of a verb to indicate that the verb is in the infinitive.</p><h4>Examples</h4><p>undefined</p><p>No Examples from Oxford Dictionary</p><p>used without a verb following when the missing verb is clearly understood</p><h4>Examples</h4><p>undefined</p><p>he asked her to come but she said she didn't want to</p><p>so as to be closed or nearly closed</p><h4>Examples</h4><p>undefined</p><p>he pulled the door to behind him</p>"
"<h3>statutorily</h3>"	"<p>No Definitions from Oxford Dictionary</p><h4>Examples</h4><p>undefined</p><p>a statutorily protected tenant</p>"
"<h3>felon</h3>"	"<p>a person who has committed a felony.</p><h4>Examples</h4><p>undefined</p><p>No Examples from Oxford Dictionary</p><p>No Definitions from Oxford Dictionary</p><h4>Examples</h4><p>undefined</p><p>No Examples from Oxford Dictionary</p><p>cruel; wicked</p><h4>Examples</h4><p>undefined</p><p>the felon undermining hand of dark corruption</p>"
"<h3>earnest</h3>"	"<p>resulting from or showing sincere and intense conviction</p><h4>Examples</h4><p>undefined</p><p>two girls were in earnest conversation</p><p>an earnest student</p><p>a thing intended or regarded as a sign or promise of what is to come</p><h4>Examples</h4><p>undefined</p><p>the very deliberateness of their disguise is an earnest of their real aloofness</p>"
"<h3>preen</h3>"	"<p>(of a bird) tidy and clean its feathers with its beak</p><h4>Examples</h4><p>undefined</p><p>reed buntings preened at the pool's edge</p><p>the pigeon preened her feathers</p>"
"<h3>instilled</h3>"	"<p>Unknown Definition</p>"
"<h3>pariah</h3>"	"<p>an outcast</p><h4>Examples</h4><p>undefined</p><p>they were treated as social pariahs</p><p>a member of an indigenous people of southern India originally functioning as ceremonial drummers but later having a low caste.</p><h4>Examples</h4><p>undefined</p><p>No Examples from Oxford Dictionary</p>"
"<h3>lascivious</h3>"	"<p>feeling or revealing an overt sexual interest or desire</p><h4>Examples</h4><p>undefined</p><p>he gave her a lascivious wink</p>"
"<h3>stigma</h3>"	"<p>a mark of disgrace associated with a particular circumstance, quality, or person</p><h4>Examples</h4><p>undefined</p><p>debt has lost its stigma and is now a part of everyday life</p><p>the stigma of having gone to prison will always be with me</p><p>(in Christian tradition) marks corresponding to those left on Christ's body by the Crucifixion, said to have been impressed by divine favour on the bodies of St Francis of Assisi and others.</p><h4>Examples</h4><p>undefined</p><p>No Examples from Oxford Dictionary</p><p>a visible sign or characteristic of a disease</p><h4>Examples</h4><p>undefined</p><p>knee deformities or other stigmata of childhood rickets</p><p>(in a flower) the part of a pistil that receives the pollen during pollination.</p><h4>Examples</h4><p>undefined</p><p>No Examples from Oxford Dictionary</p>"
"<h3>cohorts</h3>"	"<p>Unknown Definition</p>"
"<h3>assail</h3>"	"<p>make a concerted or violent attack on</p><h4>Examples</h4><p>undefined</p><p>the Scots army assailed Edward's army from the rear</p>"
"<h3>parsing</h3>"	"<p>Unknown Definition</p>"
"<h3>culminated</h3>"	"<p>Unknown Definition</p>"
"<h3>persona</h3>"	"<p>the aspect of someone's character that is presented to or perceived by others</p><h4>Examples</h4><p>undefined</p><p>her public persona</p>"
"<h3>nemesis</h3>"	"<p>the inescapable agent of someone's or something's downfall</p><h4>Examples</h4><p>undefined</p><p>injury, consistently his nemesis, struck him down during the match</p><p>a goddess usually portrayed as the agent of divine punishment for wrongdoing or presumption (hubris).</p><h4>Examples</h4><p>undefined</p><p>No Examples from Oxford Dictionary</p>"
"<h3>lien</h3>"	"<p>a right to keep possession of property belonging to another person until a debt owed by that person is discharged</p><h4>Examples</h4><p>undefined</p><p>they shall be entitled to a lien on any lot sold</p><p>make sure there are no liens against the car</p><p>they may assert a lien claim on your property</p>"
"<h3>ploy</h3>"	"<p>a cunning plan or action designed to turn a situation to one's own advantage</p><h4>Examples</h4><p>undefined</p><p>the president has dismissed the referendum as a ploy to buy time</p>"
"<h3>woo</h3>"	"<p>seek the favour, support, or custom of</p><h4>Examples</h4><p>undefined</p><p>pop stars are being wooed by film companies eager to sign them up</p><p>try to gain the love of (someone), especially with a view to marriage</p><h4>Examples</h4><p>undefined</p><p>he wooed her with quotes from Shakespeare</p><p>No Definitions from Oxford Dictionary</p><h4>Examples</h4><p>undefined</p><p>No Examples from Oxford Dictionary</p><p>No Definitions from Oxford Dictionary</p><h4>Examples</h4><p>undefined</p><p>No Examples from Oxford Dictionary</p>"
"<h3>perilously</h3>"	"<p>in a way that is full of danger or risk</p><h4>Examples</h4><p>undefined</p><p>houses perched perilously on craggy outposts</p><p>many came perilously close to starvation</p>"
"<h3>sequestered</h3>"	"<p>(of a place) isolated and hidden away</p><h4>Examples</h4><p>undefined</p><p>a wild sequestered spot</p>"
"<h3>propensity</h3>"	"<p>an inclination or natural tendency to behave in a particular way</p><h4>Examples</h4><p>undefined</p><p>his propensity for violence</p><p>their innate propensity to attack one another</p>"
"<h3>duffel</h3>"	"<p>a coarse woollen cloth with a thick nap</p><h4>Examples</h4><p>undefined</p><p>a duffel hat</p><p>sporting or camping equipment</p><h4>Examples</h4><p>undefined</p><p>our duffel was already stacked by the cook tent</p>"
"<h3>Machiavellian</h3>"	"<p>cunning, scheming, and unscrupulous, especially in politics</p><h4>Examples</h4><p>undefined</p><p>a whole range of outrageous Machiavellian manoeuvres</p><p>a person who schemes in a Machiavellian way.</p><h4>Examples</h4><p>undefined</p><p>No Examples from Oxford Dictionary</p>"
"<h3>schnorrer</h3>"	"<p>a beggar or scrounger; a layabout.</p><h4>Examples</h4><p>undefined</p><p>No Examples from Oxford Dictionary</p>"
"<h3>missionary</h3>"	"<p>a person sent on a religious mission, especially one sent to promote Christianity in a foreign country.</p><h4>Examples</h4><p>undefined</p><p>No Examples from Oxford Dictionary</p><p>relating to or characteristic of a missionary or a religious mission</p><h4>Examples</h4><p>undefined</p><p>our taxi driver shared a sense of missionary zeal with us</p><p>missionary work</p>"
"<h3>stigmatized</h3>"	"<p>Unknown Definition</p>"
"<h3>lode</h3>"	"<p>a vein of metal ore in the earth</p><h4>Examples</h4><p>undefined</p><p>the tin oxide was very thinly scattered within the lode</p>"
"<h3>unscrupulous</h3>"	"<p>having or showing no moral principles; not honest or fair</p><h4>Examples</h4><p>undefined</p><p>unscrupulous landlords might be tempted to harass existing tenants</p>"
"<h3>aficionado</h3>"	"<p>a person who is very knowledgeable and enthusiastic about an activity, subject, or pastime</p><h4>Examples</h4><p>undefined</p><p>a crossword aficionado</p>"
"<h3>someone</h3>"	"<p>an unknown or unspecified person; some person</p><h4>Examples</h4><p>undefined</p><p>someone from the audience shouted out</p><p>there's someone at the door</p><p>a person of importance or authority</p><h4>Examples</h4><p>undefined</p><p>a small-time lawyer keen to be someone</p>"
"<h3>toked</h3>"	"<p>Unknown Definition</p>"
"<h3>jubilance</h3>"	""
"<h3>ulterior</h3>"	"<p>existing beyond what is obvious or admitted; intentionally hidden</p><h4>Examples</h4><p>undefined</p><p>could there be an ulterior motive behind his request?</p>"
"<h3>brutalized</h3>"	"<p>Unknown Definition</p>"
"<h3>tsar</h3>"	"<p>an emperor of Russia before 1917</p><h4>Examples</h4><p>undefined</p><p>Tsar Nicholas II</p><p>a person appointed by government to advise on and coordinate policy in a particular area</p><h4>Examples</h4><p>undefined</p><p>the former British drugs czar</p>"
"<h3>procession</h3>"	"<p>a number of people or vehicles moving forward in an orderly fashion, especially as part of a ceremony</p><h4>Examples</h4><p>undefined</p><p>a funeral procession</p><p>the emanation of the Holy Spirit.</p><h4>Examples</h4><p>undefined</p><p>No Examples from Oxford Dictionary</p>"
"<h3>famished</h3>"	"<p>extremely hungry</p><h4>Examples</h4><p>undefined</p><p>I'm famished—is there anything to eat?</p><p>the evacuees were famished, having had no food for 12 hours</p>"
"<h3>ravenously</h3>"	""
"<h3>conducive</h3>"	"<p>making a certain situation or outcome likely or possible</p><h4>Examples</h4><p>undefined</p><p>the harsh lights and cameras were hardly conducive to a relaxed atmosphere</p>"
"<h3>interceded</h3>"	"<p>Unknown Definition</p>"
"<h3>copping</h3>"	"<p>Unknown Definition</p>"
"<h3>play</h3>"	"<p>engage in activity for enjoyment and recreation rather than a serious or practical purpose</p><h4>Examples</h4><p>undefined</p><p>her friends were playing with their dolls</p><p>the children were playing by a pool</p><p>take part in (a sport)</p><h4>Examples</h4><p>undefined</p><p>I play squash and badminton</p><p>be cooperative</p><h4>Examples</h4><p>undefined</p><p>he needs financial backing, but the building societies won't play</p><p>represent (a character) in a theatrical performance or a film</p><h4>Examples</h4><p>undefined</p><p>early in her career she played Ophelia</p><p>perform on (a musical instrument)</p><h4>Examples</h4><p>undefined</p><p>a man was playing a guitar</p><p>move lightly and quickly, so as to appear and disappear; flicker</p><h4>Examples</h4><p>undefined</p><p>little beams of light played over the sea</p><p>allow (a fish) to exhaust itself pulling against a line before reeling it in</p><h4>Examples</h4><p>undefined</p><p>no fisherman ever played a bonita more carefully or with greater wile</p><p>activity engaged in for enjoyment and recreation, especially by children</p><h4>Examples</h4><p>undefined</p><p>a child at play may use a stick as an aeroplane</p><p>the conducting of a sporting match</p><h4>Examples</h4><p>undefined</p><p>rain wrecked the second day's play</p><p>a dramatic work for the stage or to be broadcast</p><h4>Examples</h4><p>undefined</p><p>the actors put on a new play</p><p>the space in or through which a mechanism can or does move</p><h4>Examples</h4><p>undefined</p><p>the steering rack was loose, and there was a little play</p><p>light and constantly changing movement</p><h4>Examples</h4><p>undefined</p><p>the artist exploits the play of light across the surface</p>"
"<h3>fiasco</h3>"	"<p>a complete failure, especially a ludicrous or humiliating one</p><h4>Examples</h4><p>undefined</p><p>his plans turned into a fiasco</p>"
"<h3>uppity</h3>"	"<p>self-important; arrogant</p><h4>Examples</h4><p>undefined</p><p>an uppity MP and his lady wife</p>"
"<h3>chastisement</h3>"	""
"<h3>superciliousness</h3>"	""
"<h3>preconceived</h3>"	"<p>(of an idea or opinion) formed before having the evidence for its truth or usefulness</p><h4>Examples</h4><p>undefined</p><p>the same set of facts can be tailored to fit any preconceived belief</p>"
"<h3>curtly</h3>"	""
"<h3>coveted</h3>"	"<p>greatly desired or envied</p><h4>Examples</h4><p>undefined</p><p>I gave up a coveted job, that of editor-in-chief</p>"
"<h3>pansexuals</h3>"	"<p>Unknown Definition</p>"
"<h3>trite</h3>"	"<p>(of a remark or idea) lacking originality or freshness; dull on account of overuse</p><h4>Examples</h4><p>undefined</p><p>this point may now seem obvious and trite</p>"
"<h3>infer</h3>"	"<p>deduce or conclude (something) from evidence and reasoning rather than from explicit statements</p><h4>Examples</h4><p>undefined</p><p>from these facts we can infer that crime has been increasing</p>"
"<h3>Imam</h3>"	"<p>the person who leads prayers in a mosque.</p><h4>Examples</h4><p>undefined</p><p>No Examples from Oxford Dictionary</p>"
"<h3>with</h3>"	"<p>accompanied by (another person or thing)</p><h4>Examples</h4><p>undefined</p><p>a nice steak with a bottle of red wine</p><p>having or possessing (something)</p><h4>Examples</h4><p>undefined</p><p>a flower-sprigged blouse with a white collar</p><p>indicating the instrument used to perform an action</p><h4>Examples</h4><p>undefined</p><p>cut the fish with a knife</p><p>treatment with acid before analysis</p><p>in opposition to</p><h4>Examples</h4><p>undefined</p><p>a row broke out with another man</p><p>indicating the manner or attitude in which a person does something</p><h4>Examples</h4><p>undefined</p><p>the people shouted with pleasure</p><p>indicating responsibility</p><h4>Examples</h4><p>undefined</p><p>leave it with me</p><p>in relation to</p><h4>Examples</h4><p>undefined</p><p>my father will be angry with me</p><p>employed by</p><h4>Examples</h4><p>undefined</p><p>she's with the Inland Revenue now</p><p>in the same direction as</p><h4>Examples</h4><p>undefined</p><p>marine mammals generally swim with the current</p><p>indicating separation or removal from something</p><h4>Examples</h4><p>undefined</p><p>to part with one's dearest possessions</p><p>their jobs could be dispensed with</p>"
"<h3>subsided</h3>"	"<p>Unknown Definition</p>"
"<h3>subsidized</h3>"	"<p>(of an organization or activity) supported financially</p><h4>Examples</h4><p>undefined</p><p>a subsidized industry</p>"
"<h3>perjury</h3>"	"<p>the offence of wilfully telling an untruth or making a misrepresentation under oath</p><h4>Examples</h4><p>undefined</p><p>he claimed two witnesses at his trial had committed perjury</p>"
"<h3>relapse</h3>"	"<p>(of a sick or injured person) deteriorate after a period of improvement</p><h4>Examples</h4><p>undefined</p><p>two of the patients in remission relapsed after 48 months</p><p>a deterioration in someone's state of health after a temporary improvement</p><h4>Examples</h4><p>undefined</p><p>he responded well to treatment, but then suffered a relapse</p>"
"<h3>subpoena</h3>"	"<p>a writ ordering a person to attend a court</p><h4>Examples</h4><p>undefined</p><p>a subpoena may be issued to compel their attendance</p><p>they were all under subpoena to appear</p><p>summon (someone) with a subpoena</p><h4>Examples</h4><p>undefined</p><p>the Queen is above the law and cannot be subpoenaed</p>"
"<h3>soused</h3>"	"<p>(of food, especially fish) preserved in pickle or a marinade</p><h4>Examples</h4><p>undefined</p><p>soused herring</p><p>drunk</p><h4>Examples</h4><p>undefined</p><p>I was soused to the eyeballs</p>"
"<h3>stupor</h3>"	"<p>a state of near-unconsciousness or insensibility</p><h4>Examples</h4><p>undefined</p><p>a drunken stupor</p>"
"<h3>sabbatical</h3>"	"<p>a period of paid leave granted to a university teacher or other worker for study or travel, traditionally one year for every seven years worked</p><h4>Examples</h4><p>undefined</p><p>he took a three-month sabbatical from his job as CEO of a family business</p><p>she's away on sabbatical</p><p>he requested permission to take a sabbatical in Istanbul</p><p>relating to a sabbatical</p><h4>Examples</h4><p>undefined</p><p>sabbatical leave</p><p>a number of sabbatical positions are available</p><p>of or appropriate to the sabbath.</p><h4>Examples</h4><p>undefined</p><p>No Examples from Oxford Dictionary</p>"
"<h3>perpetuate</h3>"	"<p>make (something) continue indefinitely</p><h4>Examples</h4><p>undefined</p><p>a monument to perpetuate the memory of those killed in the war</p><p>the confusion was perpetuated through inadvertence</p>"
"<h3>interloper</h3>"	"<p>a person who becomes involved in a place or situation where they are not wanted or are considered not to belong</p><h4>Examples</h4><p>undefined</p><p>Japanese consumers have in the past been unreceptive to foreign interlopers in the cell phone market</p><p>to her I was always an outsider, an interloper</p>"
"<h3>At</h3>"	"<p>expressing location or arrival in a particular place or position</p><h4>Examples</h4><p>undefined</p><p>they live at Conway House</p><p>they stopped at a small trattoria</p><p>expressing the time when an event takes place</p><h4>Examples</h4><p>undefined</p><p>the children go to bed at nine o'clock</p><p>his death came at a time when the movement was split</p><p>denoting a particular point or level on a scale</p><h4>Examples</h4><p>undefined</p><p>driving at 50 mph</p><p>prices start at £18,500</p><p>expressing a particular state or condition</p><h4>Examples</h4><p>undefined</p><p>his ready smile put her at ease</p><p>they were at a disadvantage</p><p>expressing the object of a look, thought, action, or plan</p><h4>Examples</h4><p>undefined</p><p>I looked at my watch</p><p>policies aimed at reducing taxation</p><p>Leslie pointed at him</p><p>expressing the means by which something is done</p><h4>Examples</h4><p>undefined</p><p>her pride had taken a beating at his hands</p><p>holding a prison officer at knifepoint</p><p>a monetary unit of Laos, equal to one hundredth of a kip.</p><h4>Examples</h4><p>undefined</p><p>No Examples from Oxford Dictionary</p><p>the chemical element astatine.</p><h4>Examples</h4><p>undefined</p><p>No Examples from Oxford Dictionary</p>"
"<h3>cooped</h3>"	"<p>Unknown Definition</p>"
"<h3>contrite</h3>"	"<p>feeling or expressing remorse at the recognition that one has done wrong</p><h4>Examples</h4><p>undefined</p><p>a contrite tone</p>"
"<h3>antsy</h3>"	"<p>agitated, impatient, or restless</p><h4>Examples</h4><p>undefined</p><p>Dick got antsy the day he put to sea</p>"
"<h3>bereaved</h3>"	"<p>deprived of a close relation or friend through their death</p><h4>Examples</h4><p>undefined</p><p>bereaved families</p>"
"<h3>dignitary</h3>"	"<p>a person considered to be important because of high rank or office</p><h4>Examples</h4><p>undefined</p><p>the guests included former shareholders, local dignitaries, and many of the people directly involved with the project</p><p>I presented bouquets to visiting dignitaries at my prep school</p>"
"<h3>glutton</h3>"	"<p>an excessively greedy eater.</p><h4>Examples</h4><p>undefined</p><p>No Examples from Oxford Dictionary</p><p>No Definitions from Oxford Dictionary</p><h4>Examples</h4><p>undefined</p><p>No Examples from Oxford Dictionary</p>"
"<h3>sublime</h3>"	"<p>of very great excellence or beauty</p><h4>Examples</h4><p>undefined</p><p>experiences that ranged from the sublime to the ridiculous</p><p>Mozart's sublime piano concertos</p><p>(of a person's attitude or behaviour) extreme or unparalleled</p><h4>Examples</h4><p>undefined</p><p>he had the sublime confidence of youth</p><p>(of a solid substance) change directly into vapour when heated, typically forming a solid deposit again on cooling</p><h4>Examples</h4><p>undefined</p><p>the ice sublimed away, leaving the books dry and undamaged</p><p>elevate to a high degree of moral or spiritual purity or excellence</p><h4>Examples</h4><p>undefined</p><p>let your thoughts be sublimed by the spirit of God</p>"
"<h3>writhing</h3>"	"<p>making twisting, squirming movements or contortions of the body</p><h4>Examples</h4><p>undefined</p><p>a writhing heap of maggots</p>"
"<h3>jauntily</h3>"	""
"<h3>throes</h3>"	"<p>intense or violent pain and struggle, especially accompanying birth, death, or great change</p><h4>Examples</h4><p>undefined</p><p>he convulsed in his death throes</p>"
"<h3>ailments</h3>"	"<p>Unknown Definition</p>"
"<h3>insincere</h3>"	"<p>not expressing genuine feelings</p><h4>Examples</h4><p>undefined</p><p>she flashed him an insincere smile</p>"
"<h3>inundated</h3>"	"<p>Unknown Definition</p>"
"<h3>rebut</h3>"	"<p>claim or prove that (evidence or an accusation) is false</p><h4>Examples</h4><p>undefined</p><p>he had to rebut charges of acting for the convenience of his political friends</p><p>drive back or repel (a person or attack)</p><h4>Examples</h4><p>undefined</p><p>but he … their sharp assault right boldly did rebut</p>"
"<h3>ante</h3>"	"<p>a stake put up by a player in poker or brag before receiving cards</p><h4>Examples</h4><p>undefined</p><p>the antes were at the $10,000–$20,000 level</p><p>put up an amount as an ante in poker or brag and similar games.</p><h4>Examples</h4><p>undefined</p><p>No Examples from Oxford Dictionary</p>"
"<h3>subservient</h3>"	"<p>prepared to obey others unquestioningly</p><h4>Examples</h4><p>undefined</p><p>she was subservient to her parents</p>"
"<h3>maniacal</h3>"	"<p>exhibiting extremely wild or violent behaviour</p><h4>Examples</h4><p>undefined</p><p>John burst into maniacal laughter</p><p>a maniacal dictator</p>"
"<h3>pious</h3>"	"<p>devoutly religious</p><h4>Examples</h4><p>undefined</p><p>a deeply pious woman</p><p>(of a hope) sincere but unlikely to be fulfilled.</p><h4>Examples</h4><p>undefined</p><p>No Examples from Oxford Dictionary</p>"
"<h3>scholarly</h3>"	"<p>involving or relating to serious academic study</p><h4>Examples</h4><p>undefined</p><p>a scholarly career</p><p>scholarly journals</p>"
"<h3>seen</h3>"	"<p>No Definitions from Oxford Dictionary</p><h4>Examples</h4><p>undefined</p><p>No Examples from Oxford Dictionary</p><p>said as an expression of approval or agreement, or when seeking confirmation of an utterance</p><h4>Examples</h4><p>undefined</p><p>you will get far, jus' stay on the right track, seen?</p>"
"<h3>menial</h3>"	"<p>(of work) not requiring much skill and lacking prestige</p><h4>Examples</h4><p>undefined</p><p>menial factory jobs</p><p>a person with a menial job.</p><h4>Examples</h4><p>undefined</p><p>No Examples from Oxford Dictionary</p>"
"<h3>milieu</h3>"	"<p>a person's social environment</p><h4>Examples</h4><p>undefined</p><p>Gregory came from the same aristocratic milieu as Sidonius</p>"
"<h3>rifts</h3>"	"<p>Unknown Definition</p>"
"<h3>serendipity</h3>"	"<p>the occurrence and development of events by chance in a happy or beneficial way</p><h4>Examples</h4><p>undefined</p><p>a series of small serendipities</p><p>a fortunate stroke of serendipity</p>"
"<h3>segues</h3>"	"<p>Unknown Definition</p>"
"<h3>regale</h3>"	"<p>entertain or amuse (someone) with talk</p><h4>Examples</h4><p>undefined</p><p>he regaled her with a colourful account of that afternoon's meeting</p>"
"<h3>veneration</h3>"	"<p>great respect; reverence</p><h4>Examples</h4><p>undefined</p><p>the traditional veneration of saints</p>"
"<h3>reprieve</h3>"	"<p>cancel or postpone the punishment of (someone, especially someone condemned to death)</p><h4>Examples</h4><p>undefined</p><p>under the new regime, prisoners under sentence of death were reprieved</p><p>a cancellation or postponement of a punishment</p><h4>Examples</h4><p>undefined</p><p>he accepted the death sentence and refused to appeal for a reprieve</p>"
"<h3>palpably</h3>"	"<p>noticeably or clearly</p><h4>Examples</h4><p>undefined</p><p>palpably false claims</p><p>the audience became palpably uncomfortable</p><p>in a way that is able to be touched or felt</p><h4>Examples</h4><p>undefined</p><p>the lymph nodes were palpably enlarged</p>"
"<h3>smorgasbord</h3>"	"<p>a range of open sandwiches and delicacies served as hors d'oeuvres or a buffet.</p><h4>Examples</h4><p>undefined</p><p>No Examples from Oxford Dictionary</p>"
"<h3>quintessential</h3>"	"<p>representing the most perfect or typical example of a quality or class</p><h4>Examples</h4><p>undefined</p><p>he was the quintessential tough guy—strong, silent, and self-contained</p>"
"<h3>gall</h3>"	"<p>bold and impudent behaviour</p><h4>Examples</h4><p>undefined</p><p>the bank had the gall to demand a fee</p><p>the contents of the gall bladder; bile (proverbial for its bitterness).</p><h4>Examples</h4><p>undefined</p><p>No Examples from Oxford Dictionary</p><p>annoyance or resentment</p><h4>Examples</h4><p>undefined</p><p>he was filled with gall at the suspected ambitions of his old enemies</p><p>a sore on the skin made by chafing</p><h4>Examples</h4><p>undefined</p><p>saddle galls</p><p>an abnormal growth formed in response to the presence of insect larvae, mites, or fungi on plants and trees, especially oaks</p><h4>Examples</h4><p>undefined</p><p>the witch hazel had developed leaf galls</p><p>a single grub feeds on its gall for two years before emerging</p><p>make (someone) feel annoyed or resentful</p><h4>Examples</h4><p>undefined</p><p>it galled him to have to sit impotently in silence</p><p>make sore by rubbing</p><h4>Examples</h4><p>undefined</p><p>the straps that galled their shoulders</p>"
"<h3>aberration</h3>"	"<p>a departure from what is normal, usual, or expected, typically an unwelcome one</p><h4>Examples</h4><p>undefined</p><p>they described the outbreak of violence in the area as an aberration</p><p>I see these activities as some kind of mental aberration</p>"
"<h3>enraptured</h3>"	"<p>Unknown Definition</p>"
"<h3>jaded</h3>"	"<p>bored or lacking enthusiasm, typically after having had too much of something</p><h4>Examples</h4><p>undefined</p><p>meals to tempt the most jaded appetites</p>"
"<h3>celibate</h3>"	"<p>abstaining from marriage and sexual relations, typically for religious reasons</p><h4>Examples</h4><p>undefined</p><p>a celibate priest</p><p>a person who abstains from marriage and sexual relations</p><h4>Examples</h4><p>undefined</p><p>he's attracted and attractive to women and yet he lives as a celibate</p>"
"<h3>decreed</h3>"	"<p>Unknown Definition</p>"
"<h3>consecrated</h3>"	"<p>(of a church or land) having been made or declared sacred</p><h4>Examples</h4><p>undefined</p><p>a Christian burial in consecrated ground</p>"
"<h3>virtue</h3>"	"<p>behaviour showing high moral standards</p><h4>Examples</h4><p>undefined</p><p>paragons of virtue</p><p>(in traditional Christian angelology) the seventh-highest order of the ninefold celestial hierarchy.</p><h4>Examples</h4><p>undefined</p><p>No Examples from Oxford Dictionary</p>"
"<h3>intercessor</h3>"	"<p>a person who intervenes on behalf of another, especially by prayer</p><h4>Examples</h4><p>undefined</p><p>they rejected the notion that an intercessor was needed to appeal to God</p>"
"<h3>concubine</h3>"	"<p>(in polygamous societies) a woman who lives with a man but has lower status than his wife or wives.</p><h4>Examples</h4><p>undefined</p><p>No Examples from Oxford Dictionary</p>"
"<h3>chronic</h3>"	"<p>(of an illness) persisting for a long time or constantly recurring</p><h4>Examples</h4><p>undefined</p><p>chronic bronchitis</p><p>of a very poor quality</p><h4>Examples</h4><p>undefined</p><p>the film was absolutely chronic</p>"
"<h3>bolster</h3>"	"<p>a long, thick pillow that is placed under other pillows for support.</p><h4>Examples</h4><p>undefined</p><p>No Examples from Oxford Dictionary</p><p>a part on a vehicle or tool providing structural support or reducing friction.</p><h4>Examples</h4><p>undefined</p><p>No Examples from Oxford Dictionary</p><p>a heavy chisel used for cutting bricks.</p><h4>Examples</h4><p>undefined</p><p>No Examples from Oxford Dictionary</p><p>support or strengthen</p><h4>Examples</h4><p>undefined</p><p>the fall in interest rates is starting to bolster confidence</p><p>provide (a seat) with padded support</p><h4>Examples</h4><p>undefined</p><p>they bolstered the seats for a more comfortable ride</p>"
"<h3>pejoratively</h3>"	""
"<h3>apt</h3>"	"<p>appropriate or suitable in the circumstances</p><h4>Examples</h4><p>undefined</p><p>the theme could not be more apt</p><p>having a tendency to do something</p><h4>Examples</h4><p>undefined</p><p>he is apt to be swayed by irrational considerations</p><p>quick to learn</p><h4>Examples</h4><p>undefined</p><p>she proved an apt pupil</p>"
"<h3>contemptible</h3>"	"<p>deserving contempt; despicable</p><h4>Examples</h4><p>undefined</p><p>a display of contemptible cowardice</p>"
"<h3>rehash</h3>"	"<p>reuse (old ideas or material) without significant change or improvement</p><h4>Examples</h4><p>undefined</p><p>he endlessly rehashes songs from his American era</p><p>a reuse of old ideas or material without significant change or improvement</p><h4>Examples</h4><p>undefined</p><p>the spring show was a rehash of the summer show from the previous year</p>"
"<h3>diligence</h3>"	"<p>careful and persistent work or effort</p><h4>Examples</h4><p>undefined</p><p>few party members challenge his diligence as an MP</p><p>a public stagecoach.</p><h4>Examples</h4><p>undefined</p><p>No Examples from Oxford Dictionary</p>"
"<h3>adroit</h3>"	"<p>clever or skilful</p><h4>Examples</h4><p>undefined</p><p>he was adroit at tax avoidance</p>"
